/*
SQLyog Ultimate v11.24 (32 bit)
MySQL - 5.0.22-community : Database - suweitest
*********************************************************************
*/

/*!40101 SET NAMES utf8 */;

/*!40101 SET SQL_MODE=''*/;

/*!40014 SET @OLD_UNIQUE_CHECKS=@@UNIQUE_CHECKS, UNIQUE_CHECKS=0 */;
/*!40014 SET @OLD_FOREIGN_KEY_CHECKS=@@FOREIGN_KEY_CHECKS, FOREIGN_KEY_CHECKS=0 */;
/*!40101 SET @OLD_SQL_MODE=@@SQL_MODE, SQL_MODE='NO_AUTO_VALUE_ON_ZERO' */;
/*!40111 SET @OLD_SQL_NOTES=@@SQL_NOTES, SQL_NOTES=0 */;
CREATE DATABASE /*!32312 IF NOT EXISTS*/`suweitest` /*!40100 DEFAULT CHARACTER SET gbk */;

USE `suweitest`;

/*Table structure for table `t_comment` */

DROP TABLE IF EXISTS `t_comment`;

CREATE TABLE `t_comment` (
  `id` int(100) NOT NULL auto_increment,
  `weiboId` int(100) NOT NULL,
  `userId` int(255) NOT NULL,
  `content` varchar(255) default NULL,
  `createTime` datetime default NULL,
  PRIMARY KEY  (`id`)
) ENGINE=MyISAM DEFAULT CHARSET=gbk;

/*Data for the table `t_comment` */

insert  into `t_comment`(`id`,`weiboId`,`userId`,`content`,`createTime`) values (1,45,113,'哈哈发放哈佛','2014-09-28 18:54:08'),(2,45,113,'啊沙发上发的','2014-09-28 19:01:54'),(3,45,112,'adfa啊沙发上发的','2014-09-28 19:01:56'),(4,45,112,'发的发阿法司法','2014-09-28 19:02:09'),(5,46,112,'啊啊啊啊发的发阿法司法','2014-09-28 19:05:45'),(6,46,112,'13123123','2014-09-28 19:05:53'),(7,46,112,'啥地方好好','2014-09-28 19:05:56'),(8,46,112,'看看就看','2014-09-28 19:06:00'),(9,345,132,'不知道是谁的微博。。。。。','2014-10-15 12:26:43'),(10,345,132,'又不知道是谁的    ','2014-10-15 12:27:21'),(11,345,132,'test','2014-10-15 13:51:28'),(12,345,132,'testfghhhhhh','2014-10-15 13:59:10'),(13,345,132,'ghhhHvvbhhfjfjgffbdjdbbff','2014-10-15 14:01:13');

/*Table structure for table `t_feedback` */

DROP TABLE IF EXISTS `t_feedback`;

CREATE TABLE `t_feedback` (
  `id` int(100) NOT NULL auto_increment,
  `userId` int(100) NOT NULL,
  `content` varchar(255) default NULL,
  `createTime` datetime default NULL,
  PRIMARY KEY  (`id`)
) ENGINE=MyISAM DEFAULT CHARSET=gbk;

/*Data for the table `t_feedback` */

insert  into `t_feedback`(`id`,`userId`,`content`,`createTime`) values (1,113,'什么鸟玩意','2014-09-28 20:13:01'),(2,11130221,'123','2014-10-10 14:14:53'),(3,102,'dhcdgh','2014-10-13 15:48:33'),(4,102,'zdgksgkdgkdyk','2014-10-13 16:07:37'),(5,112,'12','2014-10-14 09:02:46'),(6,102,'ghhytf','2014-10-14 11:37:39'),(7,102,'我就是提个建议而已','2014-10-14 11:46:26'),(8,102,'我就试试看','2014-10-14 11:48:10'),(9,102,'体检成功','2014-10-14 11:48:22'),(10,113,'123','2014-10-14 11:57:39'),(11,125,'一样','2014-10-14 13:21:47'),(12,125,'一样','2014-10-14 13:21:52'),(13,125,'11','2014-10-14 13:21:56'),(14,124,'迷途知返家','2014-10-14 13:27:59'),(15,195,'wojiushi kankan ','2014-10-14 13:28:31'),(16,124,'来说吗玩','2014-10-14 13:29:20'),(17,112,'fhgryhvg','2014-10-14 13:30:46'),(18,139,'你好啊','2014-10-14 14:42:19'),(19,139,'把','2014-10-14 14:54:03'),(20,125,'123','2014-10-14 14:56:54'),(21,125,'123','2014-10-14 15:47:51'),(22,125,'123','2014-10-14 15:52:13'),(23,125,'123','2014-10-14 15:54:34'),(24,120,'ghhh','2014-10-15 08:56:59'),(25,132,'需要完善','2014-10-15 09:13:43'),(26,132,'需要完善','2014-10-15 09:13:46'),(27,132,'需要完善','2014-10-15 09:14:52'),(28,223,'呵呵','2014-10-15 09:59:43'),(29,223,'呵呵','2014-10-15 10:01:59'),(30,132,'扣扣了','2014-10-15 10:05:25'),(31,132,'扣扣了','2014-10-15 10:09:03'),(32,132,'哥的','2014-10-15 10:12:27'),(33,132,'哥的','2014-10-15 10:12:37'),(34,132,'来咯看看','2014-10-15 10:14:54'),(35,132,'扣扣了','2014-10-15 10:16:50'),(36,272,'和来吗','2014-10-15 10:51:43'),(37,272,'和来吗吗','2014-10-15 10:52:08'),(38,109,'zzz','2014-10-15 10:52:22'),(39,272,'糊涂','2014-10-15 10:52:26'),(40,272,'和来','2014-10-15 10:53:48'),(41,261,'ccc','2014-10-15 10:58:16'),(42,177,'jdhdjdj','2014-10-15 10:58:35'),(43,139,'意见','2014-10-15 11:07:53'),(44,139,'哦哦哦','2014-10-15 11:11:50'),(45,139,'哦哦哦','2014-10-15 11:11:57'),(46,272,'和你吗','2014-10-15 11:11:57'),(47,102,'ghh','2014-10-15 11:12:05'),(48,232,'需要改进','2014-10-15 11:16:46'),(49,232,'nihao','2014-10-15 11:20:08'),(50,232,'nihao','2014-10-15 11:21:10'),(51,112,'我对你有意见','2014-10-15 11:31:44'),(52,102,'吧','2014-10-15 11:44:18'),(53,102,'手机将军令','2014-10-15 11:52:27'),(54,102,'谁谁谁V大','2014-10-15 11:53:58'),(55,102,'去完全我','2014-10-15 12:00:58'),(56,113,'12313','2014-10-15 12:08:29'),(57,102,'全球全球全球','2014-10-15 12:32:47'),(58,102,'嗯嗯嗯嗯嗯嗯','2014-10-15 12:33:20'),(59,275,'r','2014-10-15 12:38:41'),(60,252,'xvb','2014-10-15 13:34:27'),(61,252,'xvb','2014-10-15 13:34:29'),(62,252,'网速过慢','2014-10-15 13:35:35'),(63,717,'11111111111111111111111111111111111111111111111111','2014-10-15 13:37:31'),(64,102,'123','2014-10-15 13:57:10'),(65,102,'123','2014-10-15 13:57:22');

/*Table structure for table `t_leave_msg` */

DROP TABLE IF EXISTS `t_leave_msg`;

CREATE TABLE `t_leave_msg` (
  `id` int(100) NOT NULL auto_increment,
  `fromUserId` int(100) NOT NULL,
  `toUserId` int(100) NOT NULL,
  `content` varchar(255) NOT NULL,
  `createTime` datetime default NULL,
  `isRead` varchar(100) NOT NULL default '0',
  PRIMARY KEY  (`id`)
) ENGINE=MyISAM DEFAULT CHARSET=gbk;

/*Data for the table `t_leave_msg` */

insert  into `t_leave_msg`(`id`,`fromUserId`,`toUserId`,`content`,`createTime`,`isRead`) values (1,112,113,'adfadsfasfd',NULL,'1'),(2,113,112,'afafdadfadsf','2014-09-28 20:11:53','0'),(3,132,120,'加油','2014-10-15 12:12:07','0'),(4,139,195,'jjjjj','2014-10-15 12:27:43','0'),(5,139,195,'留言内容','2014-10-15 12:36:55','0'),(6,139,195,'留言内容','2014-10-15 12:37:04','0'),(7,139,195,'留言内容','2014-10-15 12:58:18','0');

/*Table structure for table `t_people` */

DROP TABLE IF EXISTS `t_people`;

CREATE TABLE `t_people` (
  `id` int(100) NOT NULL auto_increment,
  `loginName` varchar(100) NOT NULL,
  `passWord` varchar(100) NOT NULL,
  `name` varchar(255) default NULL,
  `age` varchar(255) default NULL,
  `sex` varchar(255) default NULL,
  `phone` varchar(255) default NULL,
  `headUrl` varchar(255) default NULL,
  PRIMARY KEY  (`id`,`loginName`)
) ENGINE=MyISAM DEFAULT CHARSET=gbk;

/*Data for the table `t_people` */

insert  into `t_people`(`id`,`loginName`,`passWord`,`name`,`age`,`sex`,`phone`,`headUrl`) values (100,'13515119177','123456','旺旺','22','男','13515119177','http://192.168.0.19:8081/WebServiceDemo/downImage/user_head.png'),(102,'113','123456','123','24','456','222222222','http://192.168.0.19:8081/WebServiceDemo/downImage/user_head.png'),(107,'114','1234567','王五','20','男','13515119174','http://192.168.0.19:8081/WebServiceDemo/downImage/user_head.png'),(108,'11130235','11130235','zhaojin','21','女','','http://192.168.0.19:8081/WebServiceDemo/downImage/user_head.png'),(109,'zpp','qq123456','zpp','22','nv','15251817352','http://192.168.0.19:8081/WebServiceDemo/downImage/user_head.png'),(110,'huqing','huqing','huqing','23','女','15251813022','http://192.168.0.19:8081/WebServiceDemo/downImage/user_head.png'),(111,'zs','52219151zs','朱赛','23','男','15251812171','http://192.168.0.19:8081/WebServiceDemo/downImage/user_head.png'),(112,'11130223','11130223','陈缪丽','22','女','15251815992','http://192.168.0.19:8081/WebServiceDemo/downImage/user_head.png'),(113,'11130225','11130225','大脚','12','ffdd','131654564','http://192.168.0.19:8081/WebServiceDemo/downImage/user_head.png'),(114,'赖晓春','123456','晓春','23','女','15251815339','http://192.168.0.19:8081/WebServiceDemo/downImage/user_head.png'),(115,'11130221','11130221','朱佳磊','22','男','15251815510','http://192.168.0.19:8081/WebServiceDemo/downImage/user_head.png'),(116,'11130221','11130221','朱佳磊','22','男','15251815510','http://192.168.0.19:8081/WebServiceDemo/downImage/user_head.png'),(117,'huxiuli','123456','huxiuli','106','女','','http://192.168.0.19:8081/WebServiceDemo/downImage/user_head.png'),(118,'marry','123456','marry','21','girl','111','http://192.168.0.19:8081/WebServiceDemo/downImage/user_head.png'),(119,'marry','123456','marry','21','girl','111','http://192.168.0.19:8081/WebServiceDemo/downImage/user_head.png'),(120,'zhax','729869','章爱兄','22','女','15251819083','http://192.168.0.19:8081/WebServiceDemo/downImage/user_head.png'),(125,'czw','czw','czw','czw','nan','czw','1'),(126,'111','111111','qwe','12','男','12345678900','http://192.168.0.19:8081/WebServiceDemo/downImage/user_head.png'),(122,'11130229','168067','29','23','女','15251815339','http://192.168.0.19:8081/WebServiceDemo/downImage/user_head.png'),(123,'胡清','huqing','胡清','22','女','15251813022','http://192.168.0.19:8081/WebServiceDemo/downImage/user_head.png'),(124,'guhanlei','11130225','顾寒磊','22','女','15251815339','http://192.168.0.19:8081/WebServiceDemo/downImage/user_head.png'),(127,'jiehang','zxc123','jiehang','22','man','15895832869','http://192.168.0.19:8081/WebServiceDemo/downImage/user_head.png'),(128,'setsuna','setsuna','杨煜杰','22','男','15251818208','http://192.168.0.19:8081/WebServiceDemo/downImage/user_head.png'),(129,'czw111','czw111','','','','','http://192.168.0.19:8081/WebServiceDemo/downImage/user_head.png'),(130,'115','123456','dddd','12','nnn','23455554443','http://192.168.0.19:8081/WebServiceDemo/downImage/user_head.png'),(100,'py','123456','PY','21','男','15251762697',NULL),(207,'ljm','ljm','LiuJiaMing','','','','http://192.168.0.19:8081/WebServiceDemo/downImage/user_head.png'),(131,'syz','123456','SYZ','22','男','15151639852','http://192.168.0.19:8081/WebServiceDemo/downImage/user_head.png'),(132,'xue','1993','加油','22','女','15251819083','http://192.168.0.19:8081/WebServiceDemo/downImage/user_head.png'),(133,'qwert','qwert','qwert','12','','','http://192.168.0.19:8081/WebServiceDemo/downImage/user_head.png'),(134,'mxx','qq123456','马璇','','','','http://192.168.0.19:8081/WebServiceDemo/downImage/user_head.png'),(135,'302222','gggg','222','','boy','','http://192.168.0.19:8081/WebServiceDemo/downImage/user_head.png'),(136,'123456','123456','123456','22','boy','123456','http://192.168.0.19:8081/WebServiceDemo/downImage/user_head.png'),(137,'12345','12345','12345','12345','boy','12345','http://192.168.0.19:8081/WebServiceDemo/downImage/user_head.png'),(138,'11111','11111','11111','11111','boy','11111','http://192.168.0.19:8081/WebServiceDemo/downImage/user_head.png'),(139,'111111','111111','name','年龄','boy','phone','http://192.168.0.19:8081/WebServiceDemo/downImage/user_head.png'),(140,'11111111','1111111','11','11','boy','1111111','http://192.168.0.19:8081/WebServiceDemo/downImage/user_head.png'),(141,'116','123456','王哈','23','男','121313131','http://192.168.0.19:8081/WebServiceDemo/downImage/user_head.png'),(142,'111111好','fggg','','','boy','','http://192.168.0.19:8081/WebServiceDemo/downImage/user_head.png'),(143,'111刚刚好','ffggh','V领咯','','boy','','http://192.168.0.19:8081/WebServiceDemo/downImage/user_head.png'),(144,'PPTV了','vghj','她现在','','boy','考虑考虑','http://192.168.0.19:8081/WebServiceDemo/downImage/user_head.png'),(145,'11130217','11130217','张哲','','boy','','http://192.168.0.19:8081/WebServiceDemo/downImage/user_head.png'),(146,'44444','vbbh','','','boy','','http://192.168.0.19:8081/WebServiceDemo/downImage/user_head.png'),(147,'123','123456','','','','','http://192.168.0.19:8081/WebServiceDemo/downImage/user_head.png'),(148,'111考虑考虑','wwee','李凯莉','','boy','','http://192.168.0.19:8081/WebServiceDemo/downImage/user_head.png'),(149,'来来来来','123456','','','','','http://192.168.0.19:8081/WebServiceDemo/downImage/user_head.png'),(150,'521','521','64649','djksis','男','djdjd','http://192.168.0.19:8081/WebServiceDemo/downImage/user_head.png'),(151,'ghu','hdjsks','hdjdjd','ndjdk','男','jdjdkd','http://192.168.0.19:8081/WebServiceDemo/downImage/user_head.png'),(152,'哈哈哈','123456','','','','','http://192.168.0.19:8081/WebServiceDemo/downImage/user_head.png'),(153,'hehe','123123','','','','','http://192.168.0.19:8081/WebServiceDemo/downImage/user_head.png'),(154,'huhu','huhu','621','87','男','hdjdkis','http://192.168.0.19:8081/WebServiceDemo/downImage/user_head.png'),(155,'11123','11123','11123','','boy','','http://192.168.0.19:8081/WebServiceDemo/downImage/user_head.png'),(156,'124','哎','','','','','http://192.168.0.19:8081/WebServiceDemo/downImage/user_head.png'),(157,'117','123456','','','','','http://192.168.0.19:8081/WebServiceDemo/downImage/user_head.png'),(158,'就还锦囊妙计','123','','','','','http://192.168.0.19:8081/WebServiceDemo/downImage/user_head.png'),(159,'119','123456','张三','12','男','1212121','http://192.168.0.19:8081/WebServiceDemo/downImage/user_head.png'),(160,'120','123456','','','','','http://192.168.0.19:8081/WebServiceDemo/downImage/user_head.png'),(161,'8888','1234','','','','','http://192.168.0.19:8081/WebServiceDemo/downImage/user_head.png'),(162,'156','156','saf','15','男','1231456','http://192.168.0.19:8081/WebServiceDemo/downImage/user_head.png'),(163,'110456','110456','','','','','http://192.168.0.19:8081/WebServiceDemo/downImage/user_head.png'),(164,'11202713','123456','表哥','22','男','15251763252','http://192.168.0.19:8081/WebServiceDemo/downImage/user_head.png'),(165,'9999999','123','许娟娟','23','女','123456','http://192.168.0.19:8081/WebServiceDemo/downImage/user_head.png'),(166,'222222','123','许娟娟','23','女','123456','http://192.168.0.19:8081/WebServiceDemo/downImage/user_head.png'),(167,'118','123456','张三','12','男','1212121','http://192.168.0.19:8081/WebServiceDemo/downImage/user_head.png'),(168,'158','123456','张三','12','男','1212121','http://192.168.0.19:8081/WebServiceDemo/downImage/user_head.png'),(169,'12365','24534','张三','12','男','1212121','http://192.168.0.19:8081/WebServiceDemo/downImage/user_head.png'),(248,'12345678why','123456','','','女','','http://192.168.0.19:8081/WebServiceDemo/downImage/user_head.png'),(171,'19921001','199210','19921001','19921001','boy','19921001','http://192.168.0.19:8081/WebServiceDemo/downImage/user_head.png'),(172,'12580','12356','张三','12','男','1212121','http://192.168.0.19:8081/WebServiceDemo/downImage/user_head.png'),(173,'hz897','hsnnana','','','','1525176','http://192.168.0.19:8081/WebServiceDemo/downImage/user_head.png'),(174,'102','111111','张三','12','男','1212121','http://192.168.0.19:8081/WebServiceDemo/downImage/user_head.png'),(175,'呵呵','1111','','','','','http://192.168.0.19:8081/WebServiceDemo/downImage/user_head.png'),(176,'15893','14635y','','','','','http://192.168.0.19:8081/WebServiceDemo/downImage/user_head.png'),(177,'1178','1178','123','123','123','123','http://192.168.0.19:8081/WebServiceDemo/downImage/user_head.png'),(178,'嘿嘿','134544','','','','','http://192.168.0.19:8081/WebServiceDemo/downImage/user_head.png'),(179,'嘻嘻','123456','','','','','http://192.168.0.19:8081/WebServiceDemo/downImage/user_head.png'),(180,'152517','123456','xu','23','女','152517','http://192.168.0.19:8081/WebServiceDemo/downImage/user_head.png'),(181,'025','123456','','','','','http://192.168.0.19:8081/WebServiceDemo/downImage/user_head.png'),(182,'909883663','123456','哈哈','22','男','15251811234','http://192.168.0.19:8081/WebServiceDemo/downImage/user_head.png'),(183,'kasusa','kasusa','','','','','http://192.168.0.19:8081/WebServiceDemo/downImage/user_head.png'),(184,'heihei','123123','','','','','http://192.168.0.19:8081/WebServiceDemo/downImage/user_head.png'),(185,'1478','1478','','','','1525176','http://192.168.0.19:8081/WebServiceDemo/downImage/user_head.png'),(186,'1478963','1478963','','','','1525176','http://192.168.0.19:8081/WebServiceDemo/downImage/user_head.png'),(187,'袁赛花12','123','','','女','','http://192.168.0.19:8081/WebServiceDemo/downImage/user_head.png'),(188,'366','366','许','23','女','56','http://192.168.0.19:8081/WebServiceDemo/downImage/user_head.png'),(189,'1234','123','袁赛花','','女','','http://192.168.0.19:8081/WebServiceDemo/downImage/user_head.png'),(190,'1234567','123456','袁赛花','','女','','http://192.168.0.19:8081/WebServiceDemo/downImage/user_head.png'),(191,'哈哈','123123','','','','','http://192.168.0.19:8081/WebServiceDemo/downImage/user_head.png'),(192,'人品','123123','','','','','http://192.168.0.19:8081/WebServiceDemo/downImage/user_head.png'),(193,'152518','123456','于','23','女','86','http://192.168.0.19:8081/WebServiceDemo/downImage/user_head.png'),(194,'1135','123','','','女','','http://192.168.0.19:8081/WebServiceDemo/downImage/user_head.png'),(195,'147','147','我叫符昕','女','88','15251763061','http://192.168.0.19:8081/WebServiceDemo/downImage/user_head.png'),(196,'呀','123123','呵呵','','pnumber','','http://192.168.0.19:8081/WebServiceDemo/downImage/user_head.png'),(197,'121','123456','呵呵','','pnumber','','http://192.168.0.19:8081/WebServiceDemo/downImage/user_head.png'),(198,'62805','62805','许','23','女','62805','http://192.168.0.19:8081/WebServiceDemo/downImage/user_head.png'),(199,'1553587','123456','','','','','http://192.168.0.19:8081/WebServiceDemo/downImage/user_head.png'),(200,'125','123456','','','','','http://192.168.0.19:8081/WebServiceDemo/downImage/user_head.png'),(201,'125856','125856','','','','','http://192.168.0.19:8081/WebServiceDemo/downImage/user_head.png'),(202,'168','168','','','','','http://192.168.0.19:8081/WebServiceDemo/downImage/user_head.png'),(203,'qqqqqq','qqqqqq','','','','qqqqqq','http://192.168.0.19:8081/WebServiceDemo/downImage/user_head.png'),(204,'14780','14780','fghbbb','','nan','','http://192.168.0.19:8081/WebServiceDemo/downImage/user_head.png'),(205,'123456789','1234','111','','','','http://192.168.0.19:8081/WebServiceDemo/downImage/user_head.png'),(244,'啊丫丫','123','唉丫丫','23','女','12345678900','http://img1.2345.com/duoteimg/qqTxImg/2013/04/22/13667761307.jpg'),(206,'syz1','123456','','','','','http://192.168.0.19:8081/WebServiceDemo/downImage/user_head.png'),(208,'129','123456','','','','','http://192.168.0.19:8081/WebServiceDemo/downImage/user_head.png'),(209,'6565','123','张昕怡','','女','','http://192.168.0.19:8081/WebServiceDemo/downImage/user_head.png'),(210,'250','250','赖小春','33','男','','http://192.168.0.19:8081/WebServiceDemo/downImage/user_head.png'),(211,'110000','123456','','','女','','http://192.168.0.19:8081/WebServiceDemo/downImage/user_head.png'),(212,'230','123456','','','女','','http://192.168.0.19:8081/WebServiceDemo/downImage/user_head.png'),(213,'张昕怡','123456','张昕怡','','女','','http://192.168.0.19:8081/WebServiceDemo/downImage/user_head.png'),(214,'张雅聪','123456','','','','','http://192.168.0.19:8081/WebServiceDemo/downImage/user_head.png'),(215,'体育','23467','123','','女','','http://192.168.0.19:8081/WebServiceDemo/downImage/user_head.png'),(216,'@','123456','zxy','','女','','http://192.168.0.19:8081/WebServiceDemo/downImage/user_head.png'),(217,'博','12345','','','','','http://192.168.0.19:8081/WebServiceDemo/downImage/user_head.png'),(218,'12345678','1234','','','女','','http://192.168.0.19:8081/WebServiceDemo/downImage/user_head.png'),(219,'taoke','12345621','','','','','http://192.168.0.19:8081/WebServiceDemo/downImage/user_head.png'),(220,'Keven','1234321','','','','','http://192.168.0.19:8081/WebServiceDemo/downImage/user_head.png'),(221,'taoke728','taoke728','Keven.T','','','','http://192.168.0.19:8081/WebServiceDemo/downImage/user_head.png'),(222,'啊啊','123456','啊啊','12','女','12345678900','http://img1.2345.com/duoteimg/qqTxImg/2013/04/22/13667761307.jpg'),(223,'158518','158518','呵呵','','pnumber','','http://192.168.0.19:8081/WebServiceDemo/downImage/user_head.png'),(224,'900','123','','','','','http://192.168.0.19:8081/WebServiceDemo/downImage/user_head.png'),(225,'卞','123','11','20','','','http://192.168.0.19:8081/WebServiceDemo/downImage/user_head.png'),(226,'8','4','','','','','http://192.168.0.19:8081/WebServiceDemo/downImage/user_head.png'),(227,'nihao','123456','','','女','','http://192.168.0.19:8081/WebServiceDemo/downImage/user_head.png'),(228,'999','999','','','女','999','http://192.168.0.19:8081/WebServiceDemo/downImage/user_head.png'),(229,'12346','12346','','','女','','http://192.168.0.19:8081/WebServiceDemo/downImage/user_head.png'),(230,'袁赛花','11','','','女','','http://192.168.0.19:8081/WebServiceDemo/downImage/user_head.png'),(231,'loginName','passWord','name','age','女','phone','http://192.168.0.19:8081/WebServiceDemo/downImage/user_head.png'),(232,'daidai','123456','钱','22','女','18795729408','http://192.168.0.19:8081/WebServiceDemo/downImage/user_head.png'),(233,'LLL','123456','','','','','http://192.168.0.19:8081/WebServiceDemo/downImage/user_head.png'),(234,'wo','123','强迫症小姐','22','女','15251762839','http://192.168.0.19:8081/WebServiceDemo/downImage/user_head.png'),(235,'235','8654','张三','20','女','1342321312321','http://192.168.0.19:8081/WebServiceDemo/downImage/user_head.png'),(236,'WPP','123456','','','','','http://192.168.0.19:8081/WebServiceDemo/downImage/user_head.png'),(237,'木头人','234','','','女','','http://img1.2345.com/duoteimg/qqTxImg/2013/04/22/13667761307.jpg'),(238,'717','123456','张雅聪','','','','http://192.168.0.19:8081/WebServiceDemo/downImage/user_head.png'),(239,'158958','158958','','','','158958','http://192.168.0.19:8081/WebServiceDemo/downImage/user_head.png'),(240,'009','7807657','张三','20','女','1342321312321','http://192.168.0.19:8081/WebServiceDemo/downImage/user_head.png'),(257,'140','123456','','','','','http://192.168.0.19:8081/WebServiceDemo/downImage/user_head.png'),(241,'1211','121','121','','','','http://192.168.0.19:8081/WebServiceDemo/downImage/user_head.png'),(242,'xx','1991','张三','20','女','1342321312321','http://192.168.0.19:8081/WebServiceDemo/downImage/user_head.png'),(243,'098','890','xx','20','女','1342321312321','http://192.168.0.19:8081/WebServiceDemo/downImage/user_head.png'),(245,'花','123456','花花','','女','','http://192.168.0.19:8081/WebServiceDemo/downImage/user_head.png'),(246,'62950','123456','','','女','62950','http://192.168.0.19:8081/WebServiceDemo/downImage/user_head.png'),(247,'2222','123456','','','女','','http://192.168.0.19:8081/WebServiceDemo/downImage/user_head.png'),(249,'sheila','19910810','xx','20','女','1342321312321','http://192.168.0.19:8081/WebServiceDemo/downImage/user_head.png'),(250,'12a','11','xx','20','女','1342321312321','http://192.168.0.19:8081/WebServiceDemo/downImage/user_head.png'),(251,'333','123456','','','女','','http://192.168.0.19:8081/WebServiceDemo/downImage/user_head.png'),(252,'444','234567','彗星','','女','18951638593','http://192.168.0.19:8081/WebServiceDemo/downImage/user_head.png'),(253,'85336555','5575665','','','','','http://192.168.0.19:8081/WebServiceDemo/downImage/user_head.png'),(254,'zz5207','zz5207','Zz','18','boy','15251815207','http://192.168.0.19:8081/WebServiceDemo/downImage/user_head.png'),(255,'111302227','5207','11130217','','boy','15251815207','http://192.168.0.19:8081/WebServiceDemo/downImage/user_head.png'),(256,'7777','7777','7777','','boy','15251815207','http://192.168.0.19:8081/WebServiceDemo/downImage/user_head.png'),(258,'1','123','卞','20','','','http://192.168.0.19:8081/WebServiceDemo/downImage/user_head.png'),(259,'kakak','222','222','222','222','222','222'),(260,'qw','12','qw','11','女','12345678901','http://192.168.0.19:8081/WebServiceDemo/downImage/user_head.png'),(261,'http','123','http','22','女','123','http://image.baidu.com/i?ct=503316480&tn=baiduimagedetail&cg=wallpaper&ipn=d&ie=utf-8&in=3354&cl=2&lm=-1&st=&rn=1&di=&ln=2000&fmq=1378374347070_R&ic=0&s=&se=&sme=0&tab=&face=&istype=&ist=&jit=&ala=9&fr=ala_wallpaper2&ori_query=%E5%A3%81%E7%BA%B8&pn=5&is=0'),(262,'666','123456','','','女','','http://192.168.0.19:8081/WebServiceDemo/downImage/user_head.png'),(263,'555','123456','','','女','18951638593','http://192.168.0.19:8081/WebServiceDemo/downImage/user_head.png'),(264,'62801','62801','xu','23','女','62801','http://192.168.0.19:8081/WebServiceDemo/downImage/user_head.png'),(265,'sunqing','123456','呵呵','','pnumber','','http://192.168.0.19:8081/WebServiceDemo/downImage/user_head.png'),(266,'sq','1','呵呵','','pnumber','','http://192.168.0.19:8081/WebServiceDemo/downImage/user_head.png'),(267,'张超','920413','张超','23','男','110','\n'),(268,'222','123456','fggh','','','','http://192.168.0.19:8081/WebServiceDemo/downImage/user_head.png'),(269,'zxy','123456','zxy','','女','3069','http://192.168.0.19:8081/WebServiceDemo/downImage/user_head.png'),(270,'1579','1579\n','','','','','http://192.168.0.19:8081/WebServiceDemo/downImage/user_head.png'),(271,'456','123','','','','','http://192.168.0.19:8081/WebServiceDemo/downImage/user_head.png'),(272,'还图吗吗吗','123','','','','','http://192.168.0.19:8081/WebServiceDemo/downImage/user_head.png'),(273,'zpp1','123','zhao','','','','http://192.168.0.19:8081/WebServiceDemo/downImage/user_head.png'),(274,'zpp2','123','','','','','http://192.168.0.19:8081/WebServiceDemo/downImage/user_head.png'),(275,'zy','123456','zy','','','','http://192.168.0.19:8081/WebServiceDemo/downImage/user_head.png'),(276,'111111113244','11111111','','','','','http://192.168.0.19:8081/WebServiceDemo/downImage/user_head.png'),(277,'11','11','','','','152','http://192.168.0.19:8081/WebServiceDemo/downImage/user_head.png'),(278,'58','58','','','','','http://192.168.0.19:8081/WebServiceDemo/downImage/user_head.png'),(279,'kk','1234321','','','','23','http://192.168.0.19:8081/WebServiceDemo/downImage/user_head.png'),(280,'kkg','1234321','kk','','','23','http://192.168.0.19:8081/WebServiceDemo/downImage/user_head.png'),(281,'911','3690','xx','20','女','134112112','http://192.168.0.19:8081/WebServiceDemo/downImage/user_head.png'),(282,'1111','1','','','','','http://192.168.0.19:8081/WebServiceDemo/downImage/user_head.png'),(283,'ylf','123','','','','','http://192.168.0.19:8081/WebServiceDemo/downImage/user_head.png'),(284,'11112','1111','','','','1111','http://192.168.0.19:8081/WebServiceDemo/downImage/user_head.png'),(285,'11202710','11202710','L3','10','男','110','http://192.168.0.19:8081/WebServiceDemo/downImage/user_head.png'),(286,'zzDJ','xx','zz','','','','http://192.168.0.19:8081/WebServiceDemo/downImage/user_head.png'),(287,'zzg','xx','zzhttp','','','','http://192.168.0.19:8081/WebServiceDemo/downImage/user_head.png'),(288,'zzggg','xx','zzhtvans','','','','http://192.168.0.19:8081/WebServiceDemo/downImage/user_head.png'),(289,'zzgghhj','xx','zzhtvansgg','','','','http://192.168.0.19:8081/WebServiceDemo/downImage/user_head.png'),(290,'hjj','fgh','ghj','','','','http://192.168.0.19:8081/WebServiceDemo/downImage/user_head.png'),(291,'008','123','xx','20','女','134112112','http://192.168.0.19:8081/WebServiceDemo/downImage/user_head.png'),(292,'789','987','xx','20','女','134112112','http://192.168.0.19:8081/WebServiceDemo/downImage/user_head.png'),(293,'986','369','xx','20','女','134112112','http://192.168.0.19:8081/WebServiceDemo/downImage/user_head.png');

/*Table structure for table `t_praise` */

DROP TABLE IF EXISTS `t_praise`;

CREATE TABLE `t_praise` (
  `id` int(100) NOT NULL auto_increment,
  `weiboId` int(255) NOT NULL,
  `userId` int(100) NOT NULL,
  PRIMARY KEY  (`id`)
) ENGINE=MyISAM DEFAULT CHARSET=gbk;

/*Data for the table `t_praise` */

insert  into `t_praise`(`id`,`weiboId`,`userId`) values (1,45,113),(4,46,112),(3,45,112),(5,46,113),(6,46,114);

/*Table structure for table `t_weibo` */

DROP TABLE IF EXISTS `t_weibo`;

CREATE TABLE `t_weibo` (
  `id` int(100) NOT NULL auto_increment,
  `userId` varchar(100) default NULL,
  `creatTime` datetime NOT NULL,
  `creatTimelong` int(100) NOT NULL,
  `content` varchar(1024) default NULL,
  `imageUrl` varchar(256) default NULL,
  PRIMARY KEY  (`id`)
) ENGINE=MyISAM DEFAULT CHARSET=gbk;

/*Data for the table `t_weibo` */

insert  into `t_weibo`(`id`,`userId`,`creatTime`,`creatTimelong`,`content`,`imageUrl`) values (2,'102','2014-09-25 13:38:51',1411623531,'微博内容字符串微博内容字符串',NULL),(4,'102','2014-09-25 17:11:50',1411636310,'222微博内容字符串微博内容字符串',NULL),(5,'102','2014-09-25 17:12:05',1411636325,'222微博内容字符串微博内容字符串',NULL),(6,'102','2014-09-26 15:28:29',1411716509,'222微博内容字符串微博内容字符串',NULL),(7,'102','2014-09-26 15:28:43',1411716523,'222微博内容字符串微博内容字符串',NULL),(8,'102','2014-09-26 15:28:43',1411716523,'222微博内容字符串微博内容字符串',NULL),(9,'102','2014-09-26 15:28:43',1411716523,'222微博内容字符串微博内容字符串',NULL),(10,'102','2014-09-26 15:28:43',1411716523,'222微博内容字符串微博内容字符串',NULL),(11,'102','2014-09-26 15:28:43',1411716523,'222微博内容字符串微博内容字符串',NULL),(12,'102','2014-09-26 15:28:44',1411716524,'222微博内容字符串微博内容字符串',NULL),(13,'102','2014-09-26 15:28:44',1411716524,'222微博内容字符串微博内容字符串',NULL),(14,'102','2014-09-26 15:28:44',1411716524,'222微博内容字符串微博内容字符串',NULL),(15,'102','2014-09-26 15:28:44',1411716524,'222微博内容字符串微博内容字符串',NULL),(16,'102','2014-09-26 15:28:44',1411716524,'222微博内容字符串微博内容字符串',NULL),(17,'102','2014-09-26 15:28:45',1411716525,'222微博内容字符串微博内容字符串',NULL),(18,'102','2014-09-26 15:28:45',1411716525,'222微博内容字符串微博内容字符串',NULL),(19,'102','2014-09-26 15:28:45',1411716525,'222微博内容字符串微博内容字符串',NULL),(20,'102','2014-09-26 15:28:45',1411716525,'222微博内容字符串微博内容字符串',NULL),(21,'102','2014-09-26 15:28:45',1411716525,'222微博内容字符串微博内容字符串',NULL),(22,'102','2014-09-26 15:28:45',1411716525,'222微博内容字符串微博内容字符串',NULL),(23,'102','2014-09-26 15:28:46',1411716526,'222微博内容字符串微博内容字符串',NULL),(24,'102','2014-09-26 15:28:46',1411716526,'222微博内容字符串微博内容字符串',NULL),(25,'102','2014-09-26 15:28:46',1411716526,'222微博内容字符串微博内容字符串',NULL),(26,'102','2014-09-26 15:28:46',1411716526,'222微博内容字符串微博内容字符串',NULL),(27,'102','2014-09-26 15:28:46',1411716526,'222微博内容字符串微博内容字符串',NULL),(28,'102','2014-09-26 15:28:46',1411716526,'222微博内容字符串微博内容字符串',NULL),(29,'102','2014-09-28 13:39:30',1411882770,'222微博内容字符串微博内容字符串',''),(30,'102','2014-09-28 13:40:00',1411882800,'44微博内容字符串微博内容字符串',''),(31,'102','2014-09-28 13:40:20',1411882820,'44微博内容字符串微博内容字符串',''),(32,'113','2014-09-28 14:26:01',1411885561,'哈哈哈哈',''),(33,'113','2014-09-28 14:53:23',1411887203,'哈哈哈急急急',''),(34,'113','2014-09-28 14:55:26',1411887326,'哈哈哈急急急',''),(35,'113','2014-09-28 14:56:00',1411887360,'哈哈哈急急急',''),(36,'113','2014-09-28 14:59:50',1411887590,'1321321321',''),(37,'113','2014-09-28 15:01:47',1411887707,'1321321321',''),(38,'113','2014-09-28 15:06:04',1411887964,'阿萨德法师打发',''),(39,'113','2014-09-28 15:09:06',1411888146,'阿萨德法师打发',''),(40,'113','2014-09-28 15:12:04',1411888324,'阿萨德法师打发',''),(41,'113','2014-09-28 15:12:37',1411888357,'阿萨德法师打发',''),(42,'113','2014-09-28 15:15:48',1411888548,'问题提问',''),(43,'113','2014-09-28 15:16:55',1411888615,'阿萨德飞洒',''),(44,'113','2014-09-28 15:18:07',1411888687,'阿萨德飞洒',''),(45,'113','2014-09-28 15:24:24',1411889064,'微博内容微博内容微博内容',''),(46,'113','2014-09-28 15:26:12',1411889172,'微博内容微博内容微博内容',''),(47,'113','2014-09-28 17:21:19',1411896079,'adfasdfasdf',''),(48,'113','2014-09-28 17:21:42',1411896102,'adfasdfasdf',''),(49,'113','2014-09-28 17:23:37',1411896217,'11111',''),(50,'113','2014-09-28 17:25:04',1411896304,'111111111',''),(51,'113','2014-09-28 17:25:55',1411896355,'1111111111',''),(52,'113','2014-09-28 17:28:12',1411896492,'1111',''),(53,'113','2014-09-28 17:30:35',1411896635,'1111111111',''),(54,'113','2014-09-28 17:44:33',1411897473,'35235',''),(55,'112','2014-10-10 13:26:47',1412918807,'嘿嘿',''),(56,'112','2014-10-10 13:28:20',1412918900,'终于找到我自己发的消息了，哈哈',''),(57,'124','2014-10-10 13:28:30',1412918910,'happy',''),(58,'117','2014-10-10 13:30:23',1412919023,'小苹果儿~',''),(59,'124','2014-10-10 13:31:35',1412919095,'hello  陈缪丽',''),(60,'124','2014-10-10 13:40:08',1412919608,'~~',''),(61,'113','2014-10-10 13:45:44',1412919944,'~~',''),(62,'113','2014-10-10 14:34:50',1412922890,'test',''),(63,'109','2014-10-10 14:48:56',1412923736,'test',''),(64,'120','2014-10-10 15:00:28',1412924428,'实训要结束了',''),(65,'120','2014-10-10 15:04:13',1412924653,'要回学校了……',''),(66,'120','2014-10-10 15:09:42',1412924982,'test',''),(67,'132','2014-10-10 15:19:49',1412925589,'hello',''),(68,'111','2014-10-11 09:09:16',1412989756,'111111',''),(69,'111','2014-10-11 09:12:06',1412989926,'111111',''),(70,'109','2014-10-11 09:16:10',1412990170,'test',''),(71,'132','2014-10-11 09:47:31',1412992051,'春花秋月何时了，往事知多少',''),(72,'102','2014-10-11 10:35:16',1412994916,'1111',''),(73,'102','2014-10-11 10:35:48',1412994948,'xujuanjuan',''),(74,'102','2014-10-11 10:38:46',1412995126,'222',''),(75,'111','2014-10-11 10:53:18',1412995998,'111111',''),(76,'109','2014-10-11 10:54:31',1412996071,'章爱兄是大神',''),(77,'109','2014-10-11 11:02:50',1412996570,'test',''),(78,'111','2014-10-11 11:25:02',1412997902,'jsj',''),(79,'102','2014-10-11 11:29:02',1412998142,'你好吗？？',''),(80,'102','2014-10-11 11:32:56',1412998376,'你好吗',''),(81,'139','2014-10-11 11:33:41',1412998421,'啦啦啦',''),(82,'113','2014-10-11 12:07:26',1413000446,'1234',''),(83,'102','2014-10-11 12:07:49',1413000469,'1234 ',''),(95,'145','2014-10-11 14:06:19',1413007579,'～～～',''),(85,'139','2014-10-11 13:09:55',1413004195,'这个用来测试刷新的',''),(86,'102','2014-10-11 13:10:11',1413004211,'nihaoma',''),(87,'145','2014-10-11 13:22:10',1413004930,'请输入微博内容ii',''),(88,'145','2014-10-11 13:28:55',1413005335,'请输入微博内容',''),(89,'102','2014-10-11 13:51:33',1413006693,'123',''),(90,'145','2014-10-11 13:58:26',1413007106,'O:-)',''),(91,'145','2014-10-11 14:00:11',1413007211,'请输入微博内容好\n',''),(96,'145','2014-10-11 14:06:36',1413007596,'会好好',''),(97,'145','2014-10-11 14:13:57',1413008037,'～～～～',''),(99,'145','2014-10-11 14:14:23',1413008063,'～～～～',''),(101,'102','2014-10-11 14:18:34',1413008314,'Keven.T',''),(108,'145','2014-10-11 14:29:24',1413008964,'看看',''),(103,'125','2014-10-11 14:20:22',1413008422,'qq',''),(104,'145','2014-10-11 14:20:30',1413008430,'。。。',''),(107,'145','2014-10-11 14:26:47',1413008807,'啊',''),(106,'125','2014-10-11 14:22:32',1413008552,';;',''),(109,'102','2014-10-11 14:35:21',1413009321,'11',''),(110,'102','2014-10-11 14:36:05',1413009365,'11111',''),(111,'108','2014-10-11 14:38:15',1413009495,'哈哈哈哈哈',''),(112,'102','2014-10-11 14:39:03',1413009543,'123',''),(113,'102','2014-10-11 14:40:26',1413009626,'逗',''),(114,'102','2014-10-11 14:42:28',1413009748,'发送OK',''),(115,'102','2014-10-11 14:48:20',1413010100,'11111',''),(116,'102','2014-10-11 15:13:56',1413011636,'adf',''),(117,'102','2014-10-11 15:13:56',1413011636,'你好',''),(118,'102','2014-10-11 15:14:58',1413011698,'你好吗？？？？',''),(119,'102','2014-10-11 15:15:19',1413011719,'哈哈',''),(120,'102','2014-10-11 15:21:01',1413012061,'哈哈',''),(121,'102','2014-10-11 15:21:10',1413012070,'123456',''),(122,'102','2014-10-11 15:21:29',1413012089,'糊涂',''),(123,'102','2014-10-11 15:21:52',1413012112,'看看',''),(124,'102','2014-10-11 15:22:51',1413012171,'代码测试',''),(125,'102','2014-10-11 15:24:15',1413012255,'代码',''),(126,'102','2014-10-11 15:24:56',1413012296,'12345',''),(127,'102','2014-10-11 15:25:09',1413012309,'代码12334',''),(128,'102','2014-10-11 15:25:18',1413012318,'content',''),(129,'102','2014-10-11 15:25:43',1413012343,'cfjb',''),(130,'102','2014-10-11 15:25:56',1413012356,'123456789',''),(131,'102','2014-10-11 15:26:19',1413012379,'hello',''),(132,'102','2014-10-11 15:29:49',1413012589,'更新',''),(133,'102','2014-10-11 15:33:45',1413012825,'测试代码更新',''),(134,'102','2014-10-11 15:35:32',1413012932,'hi',''),(135,'102','2014-10-11 15:36:09',1413012969,'hello',''),(136,'102','2014-10-11 15:36:44',1413013004,'mess',''),(137,'102','2014-10-11 15:37:42',1413013062,'你好',''),(138,'154','2014-10-11 15:38:57',1413013137,'你好',''),(139,'102','2014-10-11 15:43:14',1413013394,'ni',''),(140,'102','2014-10-11 15:43:36',1413013416,'nick',''),(141,'145','2014-10-11 15:44:09',1413013449,'，，，，，',''),(142,'124','2014-10-11 16:05:53',1413014753,'哎',''),(143,'145','2014-10-11 16:19:31',1413015571,'吧',''),(144,'145','2014-10-11 16:19:32',1413015572,'吧',''),(145,'145','2014-10-11 16:19:45',1413015585,'的',''),(146,'102','2014-10-13 08:39:15',1413160755,'123',''),(147,'102','2014-10-13 08:48:47',1413161327,'123',''),(148,'125','2014-10-13 08:52:03',1413161523,'123',''),(149,'102','2014-10-13 08:56:19',1413161779,'it',''),(150,'102','2014-10-13 08:56:42',1413161802,'it  is  me',''),(151,'102','2014-10-13 09:05:44',1413162344,'GG',''),(152,'102','2014-10-13 09:06:07',1413162367,'...',''),(153,'102','2014-10-13 09:09:58',1413162598,',',''),(154,'124','2014-10-13 09:10:35',1413162635,'@@',''),(155,'102','2014-10-13 09:12:58',1413162778,'。',''),(156,'102','2014-10-13 09:13:05',1413162785,'*',''),(157,'102','2014-10-13 09:14:47',1413162887,',.?!:;@~_-\"\"',''),(158,'102','2014-10-13 09:14:59',1413162899,'*。，？',''),(159,'102','2014-10-13 09:34:10',1413164050,'tt',''),(160,'102','2014-10-13 09:34:55',1413164095,'.',''),(161,'145','2014-10-13 10:04:56',1413165896,'～～～',''),(162,'102','2014-10-13 10:08:11',1413166091,'hh',''),(163,'102','2014-10-13 10:08:19',1413166099,'U',''),(164,'162','2014-10-13 10:11:22',1413166282,'content',''),(165,'102','2014-10-13 10:21:24',1413166884,'你好',''),(166,'166','2014-10-13 10:27:05',1413167225,'测试测试',''),(167,'102','2014-10-13 10:27:23',1413167243,'胡同里天气',''),(168,'102','2014-10-13 10:29:23',1413167363,'去\n',''),(169,'102','2014-10-13 10:30:04',1413167404,'111',''),(170,'102','2014-10-13 10:32:09',1413167529,'去\n跑\n',''),(171,'127','2014-10-13 10:32:38',1413167558,'333',''),(172,'102','2014-10-13 10:33:25',1413167605,'顾球球，大笨蛋！',''),(173,'127','2014-10-13 10:39:18',1413167958,'麻痹可以用了\n',''),(174,'154','2014-10-13 10:51:46',1413168706,'朱赛王八蛋',''),(175,'127','2014-10-13 10:55:04',1413168904,'1',''),(176,'102','2014-10-13 11:15:14',1413170114,'nihao',''),(177,'125','2014-10-13 11:19:25',1413170365,'123',''),(178,'102','2014-10-13 11:41:46',1413171706,'xhgv',''),(180,'187','2014-10-13 11:57:26',1413172646,'123',''),(181,'187','2014-10-13 12:11:56',1413173516,'123456',''),(182,'154','2014-10-13 12:56:08',1413176168,'哈哈',''),(183,'190','2014-10-13 13:13:44',1413177224,'123',''),(187,'102','2014-10-13 13:41:55',1413178915,'全球全球',''),(188,'183','2014-10-13 14:05:02',1413180302,'setsuna',''),(189,'102','2014-10-13 14:12:31',1413180751,'123456789',''),(190,'102','2014-10-13 14:12:31',1413180751,'123456789',''),(191,'102','2014-10-13 14:12:31',1413180751,'123456789',''),(192,'102','2014-10-13 14:12:31',1413180751,'123456789',''),(193,'102','2014-10-13 14:13:30',1413180810,'123',''),(194,'102','2014-10-13 14:13:30',1413180810,'123',''),(195,'102','2014-10-13 14:13:39',1413180819,'请输入微博信息',''),(196,'102','2014-10-13 14:13:39',1413180819,'请输入微博信息',''),(197,'102','2014-10-13 14:18:36',1413181116,'123',''),(198,'102','2014-10-13 14:18:36',1413181116,'123',''),(199,'195','2014-10-13 14:18:55',1413181135,'全球全球',''),(200,'102','2014-10-13 14:19:46',1413181186,'你们好的的',''),(201,'139','2014-10-13 14:20:05',1413181205,'lalala',''),(202,'164','2014-10-13 14:20:45',1413181245,'123456',''),(203,'102','2014-10-13 14:22:35',1413181355,'123',''),(204,'102','2014-10-13 14:24:07',1413181447,'彼岸',''),(205,'102','2014-10-13 14:27:14',1413181634,'test',''),(206,'164','2014-10-13 14:31:52',1413181912,'123',''),(207,'164','2014-10-13 14:35:25',1413182125,'123',''),(208,'111','2014-10-13 14:35:25',1413182125,'123',''),(209,'164','2014-10-13 14:36:10',1413182170,'全都是泡沫',''),(210,'111','2014-10-13 14:36:13',1413182173,'哈哈',''),(211,'164','2014-10-13 14:37:27',1413182247,'what',''),(212,'102','2014-10-13 14:59:02',1413183542,'试试',''),(213,'102','2014-10-13 15:00:18',1413183618,'123',''),(214,'117','2014-10-13 15:06:33',1413183993,'顾球球是笨蛋，疯狂点赞！',''),(215,'133','2014-10-13 15:07:37',1413184057,'adadadwa',''),(216,'164','2014-10-13 15:10:16',1413184216,'没错，我就是大表哥！',''),(217,'164','2014-10-13 15:12:06',1413184326,'L3是我表弟！',''),(218,'117','2014-10-13 15:12:11',1413184331,'哈哈',''),(219,'124','2014-10-13 15:13:20',1413184400,'胡秀丽   压根就不是好人    欢迎大家点赞',''),(220,'133','2014-10-13 15:14:03',1413184443,'哈你妹',''),(221,'102','2014-10-13 15:14:39',1413184479,'123',''),(222,'102','2014-10-13 15:14:42',1413184482,'123',''),(223,'117','2014-10-13 15:14:44',1413184484,'哈哈哈哈',''),(224,'102','2014-10-13 15:14:55',1413184495,'123456',''),(225,'112','2014-10-13 15:14:59',1413184499,'vjfdjkbg',''),(226,'111','2014-10-13 15:18:45',1413184725,'123',''),(227,'111','2014-10-13 15:26:55',1413185215,'我是猪头',''),(228,'111','2014-10-13 15:27:28',1413185248,'嘿嘿嘿嘿',''),(229,'111','2014-10-13 15:27:44',1413185264,'啦咔咔',''),(230,'111','2014-10-13 15:27:45',1413185265,'啦咔咔',''),(231,'102','2014-10-13 15:28:34',1413185314,'来',''),(232,'111','2014-10-13 15:28:45',1413185325,'jsj是谁',''),(233,'125','2014-10-13 15:29:24',1413185364,'11',''),(234,'102','2014-10-13 15:30:51',1413185451,'111',''),(235,'154','2014-10-13 15:31:12',1413185472,'啦咔咔啦',''),(236,'154','2014-10-13 15:31:50',1413185510,'嘿嘿号',''),(237,'154','2014-10-13 15:32:12',1413185532,'会蹄',''),(238,'102','2014-10-13 15:39:40',1413185980,'jsj是猪头',''),(239,'207','2014-10-13 15:46:51',1413186411,'大家好，我是你们的香鸣哥！',''),(240,'125','2014-10-13 15:54:09',1413186849,'11',''),(241,'127','2014-10-13 15:55:37',1413186937,'1',''),(242,'210','2014-10-13 15:55:59',1413186959,'我是春哥',''),(243,'102','2014-10-13 15:57:57',1413187077,'为什么我还不能显示自己的名字呢，因为我还没有注册呢',''),(244,'102','2014-10-13 15:59:48',1413187188,'你们的进度好快，我压力好大0.0',''),(245,'102','2014-10-13 16:00:11',1413187211,'。。。',''),(246,'102','2014-10-13 16:00:33',1413187233,'呼叫旺旺老师',''),(247,'214','2014-10-13 16:01:03',1413187263,'thanks',''),(248,'102','2014-10-13 16:01:39',1413187299,'楼下是谁',''),(268,'102','2014-10-14 08:50:32',1413247832,'009',''),(250,'216','2014-10-13 16:08:06',1413187686,'qqqq\n',''),(251,'216','2014-10-13 16:08:31',1413187711,'w',''),(252,'220','2014-10-13 16:11:49',1413187909,'here   is    Keven.T',''),(267,'221','2014-10-14 08:41:36',1413247296,'morning',''),(254,'102','2014-10-13 16:13:46',1413188026,'fuck you bitch',''),(255,'218','2014-10-13 16:15:03',1413188103,'hi',''),(256,'221','2014-10-13 16:17:15',1413188235,'here is Keven.T',''),(257,'222','2014-10-13 16:19:35',1413188375,'一场奔跑',''),(259,'139','2014-10-13 16:33:16',1413189196,'胡清轻',''),(269,'102','2014-10-14 08:52:19',1413247939,'911',''),(270,'102','2014-10-14 08:58:33',1413248313,'0',''),(273,'145','2014-10-14 09:06:43',1413248803,'～～～',''),(283,'232','2014-10-14 09:58:10',1413251890,'nihao',''),(275,'227','2014-10-14 09:08:30',1413248910,'xixi',''),(280,'230','2014-10-14 09:34:55',1413250495,'123',''),(279,'102','2014-10-14 09:22:23',1413249743,'ggggggggg',''),(281,'230','2014-10-14 09:37:14',1413250634,'北',''),(284,'234','2014-10-14 10:03:13',1413252193,'xixi',''),(285,'127','2014-10-14 10:05:17',1413252317,'1111111111111',''),(286,'127','2014-10-14 10:25:38',1413253538,'1',''),(287,'145','2014-10-14 10:25:52',1413253552,'～～～',''),(288,'127','2014-10-14 10:26:12',1413253572,'2222',''),(289,'237','2014-10-14 10:31:45',1413253905,'你好',''),(290,'238','2014-10-14 10:32:30',1413253950,'test',''),(294,'238','2014-10-14 10:38:53',1413254333,'test1',''),(295,'242','2014-10-14 10:42:03',1413254523,'xx',''),(296,'127','2014-10-14 10:46:12',1413254772,'1',''),(297,'242','2014-10-14 10:47:01',1413254821,'xxx',''),(298,'243','2014-10-14 10:51:51',1413255111,'xxxx',''),(300,'102','2014-10-14 11:05:18',1413255918,'。',''),(301,'198','2014-10-14 11:06:23',1413255983,'我来发微博',''),(302,'198','2014-10-14 11:08:28',1413256108,'。。',''),(303,'198','2014-10-14 11:10:24',1413256224,'1',''),(304,'198','2014-10-14 11:12:54',1413256374,'2222222222',''),(305,'198','2014-10-14 11:15:10',1413256510,'来',''),(306,'198','2014-10-14 11:16:12',1413256572,'再发一条',''),(307,'102','2014-10-14 11:19:36',1413256776,'gd',''),(308,'244','2014-10-14 11:28:28',1413257308,'你好吗？？？？？',''),(309,'109','2014-10-14 11:30:55',1413257455,'慢慢',''),(310,'216','2014-10-14 11:31:03',1413257463,'上网我',''),(311,'241','2014-10-14 11:38:26',1413257906,'泊',''),(312,'164','2014-10-14 11:40:14',1413258014,'1',''),(313,'246','2014-10-14 11:50:27',1413258627,'11',''),(314,'246','2014-10-14 12:09:21',1413259761,'123',''),(315,'242','2014-10-14 12:52:54',1413262374,'发短信想',''),(316,'249','2014-10-14 12:54:34',1413262474,'但是速度',''),(317,'249','2014-10-14 12:56:40',1413262600,'跟你顺便',''),(318,'249','2014-10-14 12:58:52',1413262732,'唏嘘',''),(319,'132','2014-10-14 13:11:30',1413263490,'test',''),(320,'112','2014-10-14 13:31:42',1413264702,'丫丫的',''),(321,'198','2014-10-14 13:39:15',1413265155,'11',''),(322,'115','2014-10-14 13:48:47',1413265727,'～～～～～',''),(323,'244','2014-10-14 13:57:25',1413266245,'1234567890',''),(324,'221','2014-10-14 14:04:25',1413266665,'just',''),(325,'244','2014-10-14 14:10:07',1413267007,'qwertyu',''),(326,'249','2014-10-14 14:13:52',1413267232,'6575',''),(327,'246','2014-10-14 14:23:49',1413267829,'11',''),(328,'246','2014-10-14 14:23:57',1413267837,'11',''),(329,'132','2014-10-14 14:31:54',1413268314,'特工……',''),(330,'132','2014-10-14 14:32:05',1413268325,'天堂……',''),(331,'132','2014-10-14 14:32:27',1413268347,'test',''),(332,'246','2014-10-14 14:32:55',1413268375,'11',''),(333,'249','2014-10-14 14:33:55',1413268435,'111',''),(334,'102','2014-10-14 14:41:49',1413268909,'吧',''),(335,'252','2014-10-14 14:42:35',1413268955,'彗星',''),(336,'233','2014-10-14 14:54:45',1413269685,'的规划广泛应用有',''),(337,'233','2014-10-14 14:57:37',1413269857,'是水水水灌灌',''),(346,'113','2014-10-15 14:01:55',1413352915,'fasafsdfadfasdfasdf',''),(340,'226','2014-10-14 15:32:29',1413271949,'1',''),(341,'134','2014-10-14 15:33:28',1413272008,'123',''),(342,'134','2014-10-14 15:33:58',1413272038,'456',''),(343,'195','2014-10-14 15:41:09',1413272469,'快看我的名字',''),(344,'195','2014-10-14 15:41:22',1413272482,'高端大气上档次',''),(345,'195','2014-10-14 15:41:33',1413272493,'低调奢华有内涵',''),(347,'131','2014-10-15 14:02:06',1413352926,'阿斯达',''),(348,'131','2014-10-15 14:03:08',1413352988,'我来了',''),(349,'249','2014-10-15 14:08:01',1413353281,'mnbvjj',''),(350,'267','2014-10-15 14:08:27',1413353307,'QQ',''),(351,'164','2014-10-15 14:08:58',1413353338,'123',''),(352,'100','2014-10-15 14:11:36',1413353496,'hello','');

/*Table structure for table `t_comment_nums` */

DROP TABLE IF EXISTS `t_comment_nums`;

/*!50001 DROP VIEW IF EXISTS `t_comment_nums` */;
/*!50001 DROP TABLE IF EXISTS `t_comment_nums` */;

/*!50001 CREATE TABLE  `t_comment_nums`(
 `weiboId` int(100) ,
 `commentCount` bigint(21) 
)*/;

/*Table structure for table `t_praise_nums` */

DROP TABLE IF EXISTS `t_praise_nums`;

/*!50001 DROP VIEW IF EXISTS `t_praise_nums` */;
/*!50001 DROP TABLE IF EXISTS `t_praise_nums` */;

/*!50001 CREATE TABLE  `t_praise_nums`(
 `weiboId` int(255) ,
 `praiseCount` bigint(21) 
)*/;

/*View structure for view t_comment_nums */

/*!50001 DROP TABLE IF EXISTS `t_comment_nums` */;
/*!50001 DROP VIEW IF EXISTS `t_comment_nums` */;

/*!50001 CREATE ALGORITHM=UNDEFINED DEFINER=`root`@`localhost` SQL SECURITY DEFINER VIEW `t_comment_nums` AS (select `t_comment`.`weiboId` AS `weiboId`,count(`t_comment`.`id`) AS `commentCount` from `t_comment` group by `t_comment`.`weiboId`) */;

/*View structure for view t_praise_nums */

/*!50001 DROP TABLE IF EXISTS `t_praise_nums` */;
/*!50001 DROP VIEW IF EXISTS `t_praise_nums` */;

/*!50001 CREATE ALGORITHM=UNDEFINED DEFINER=`root`@`localhost` SQL SECURITY DEFINER VIEW `t_praise_nums` AS (select `t_praise`.`weiboId` AS `weiboId`,count(`t_praise`.`id`) AS `praiseCount` from `t_praise` group by `t_praise`.`weiboId`) */;

/*!40101 SET SQL_MODE=@OLD_SQL_MODE */;
/*!40014 SET FOREIGN_KEY_CHECKS=@OLD_FOREIGN_KEY_CHECKS */;
/*!40014 SET UNIQUE_CHECKS=@OLD_UNIQUE_CHECKS */;
/*!40111 SET SQL_NOTES=@OLD_SQL_NOTES */;
